<?xml version="1.0" encoding="ISO-8859-1"?>
<RealToysMap SceneSize="11 15" FloorTexture="zebrafloor.jpg" CeilingTexture="ceiling.bmp" MainWall1Texture="Wall_prettywall.bmp" MainWall2Texture="Wall_prettywall.bmp" MainWall3Texture="Wall_prettywall.bmp" MainWall4Texture="Wall_prettywall.bmp">
 <AirpMarker>
  <AirpMarker Position="79.1769 121.28 686.842" Scale="1 1 1" Orientation="0.0641063 0 0.997943 0"/>
  <AirpMarker Position="-537.215 132.518 -614.331" Scale="1 1 1" Orientation="0.90877 0 0.417298 0"/>
  <AirpMarker Position="315.696 145.932 -737.215" Scale="1 1 1" Orientation="1 0 0 0"/>
 </AirpMarker>
 <DecoModel>
  <DecoModel Mesh="fridge.3DS.mesh">
   <SceneNode Position="-0.567362 -66.5242 30.0032" Scale="0.08 0.08 0.08" Orientation="1 0 0 0">
    <SceneNode Position="-19.8763 102.701 -455.002" Scale="1 1 1" Orientation="1 0 0 0"/>
   </SceneNode>
  </DecoModel>
  <DecoModel Mesh="20ladder-model.3DS.mesh">
   <SceneNode Position="275.416 -122.242 294.147" Scale="3 3 3" Orientation="1 0 0 0">
    <SceneNode Position="234.436 100.188 -8.11392" Scale="1.2 1.2 1.2" Orientation="-0.374621 -0.845903 -0.203096 0.320718"/>
   </SceneNode>
  </DecoModel>
  <DecoModel Mesh="Chair.3DS.mesh">
   <SceneNode Position="-286.568 -67.5608 1240.69" Scale="2.3 2.3 2.3" Orientation="1 0 0 0">
    <SceneNode Position="-107.182 49.9166 -213.353" Scale="1 1 1" Orientation="1 0 0 0"/>
   </SceneNode>
  </DecoModel>
  <DecoModel Mesh="fireplace2.3DS.mesh">
   <SceneNode Position="0.379617 2.34134 -0.819043" Scale="0.15 0.15 0.15" Orientation="1 0 0 0">
    <SceneNode Position="419.003 42.9931 -339.041" Scale="1 1 1" Orientation="1 0 0 0"/>
   </SceneNode>
  </DecoModel>
  <DecoModel Mesh="22Carpet-model.3DS.mesh">
   <SceneNode Position="5.61543 -75.8298 112.571" Scale="1 1 1" Orientation="1 0 0 0">
    <SceneNode Position="-298.239 89.8069 673.477" Scale="2.1 2.1 2.1" Orientation="1 0 0 0"/>
   </SceneNode>
  </DecoModel>
  <DecoModel Mesh="Closet.3DS.mesh">
   <SceneNode Position="64.6001 -39.5999 -119.44" Scale="0.7 0.7 0.7" Orientation="1 0 0 0">
    <SceneNode Position="339.408 96.9846 718.26" Scale="1 1 1" Orientation="-0.709998 0 -0.704204 0"/>
   </SceneNode>
  </DecoModel>
  <DecoModel Mesh="double-bed-set.3DS.mesh">
   <SceneNode Position="-95.8613 -92.1453 1278.93" Scale="1 1 1" Orientation="1 0 0 0">
    <SceneNode Position="-286.006 93.9882 133.619" Scale="1 1 1" Orientation="1 0 0 0"/>
   </SceneNode>
  </DecoModel>
  <DecoModel Mesh="3dm-appl.3ds.mesh">
   <SceneNode Position="-286.274 -23.9737 122.307" Scale="1 1 1" Orientation="1 0 0 0">
    <SceneNode Position="156.615 25.4663 448.258" Scale="1 1 1" Orientation="1 0 0 0"/>
   </SceneNode>
  </DecoModel>
  <DecoModel Mesh="telFORMAPH_.3DS.mesh">
   <SceneNode Position="-3.5593 -0.934978 -1.82799" Scale="0.003 0.003 0.003" Orientation="1 0 0 0">
    <SceneNode Position="318.216 4.5302 35.8886" Scale="1 1 1" Orientation="1 0 0 0"/>
   </SceneNode>
  </DecoModel>
  <DecoModel Mesh="stoolchair.3DS.mesh">
   <SceneNode Position="0 -49.25 3.67644" Scale="100 100 100" Orientation="1 0 0 0">
    <SceneNode Position="74.0317 153.384 274.512" Scale="1 1 1" Orientation="0.937941 0 0 0.346793"/>
   </SceneNode>
  </DecoModel>
 </DecoModel>
 <Wall>
  <Wall Mesh="UnitCubeMesh.mesh" Texture1="arroway.de_boards+02_s100+g100.jpg" Texture2="arroway.de_boards+02_s100+g100.jpg" Texture3="arroway.de_boards+02_s100+g100.jpg" Texture4="arroway.de_boards+02_s100+g100.jpg">
   <SceneNode Position="173.936 125 -121.452" Scale="263.32 250 15" Orientation="0.38963 0 -0.920972 0"/>
  </Wall>
  <Wall Mesh="UnitCubeMesh.mesh" Texture1="arroway.de_bricks+06_d100.jpg" Texture2="arroway.de_bricks+06_d100.jpg" Texture3="arroway.de_bricks+06_d100.jpg" Texture4="arroway.de_bricks+06_d100.jpg">
   <SceneNode Position="-130.324 125 -490.609" Scale="324.156 250 15" Orientation="0.0241889 0 -0.999707 0"/>
  </Wall>
  <Wall Mesh="UnitCubeMesh.mesh" Texture1="arroway.de_bricks+06_b005.jpg" Texture2="arroway.de_bricks+06_b005.jpg" Texture3="arroway.de_bricks+06_b005.jpg" Texture4="arroway.de_bricks+06_b005.jpg">
   <SceneNode Position="-397.342 125 -112.561" Scale="367.371 250 15" Orientation="0.707107 0 -0.707107 0"/>
  </Wall>
  <Wall Mesh="UnitCubeMesh.mesh" Texture1="arroway.de_boards+02_b030.tif" Texture2="arroway.de_boards+02_b030.tif" Texture3="arroway.de_boards+02_b030.tif" Texture4="arroway.de_boards+02_b030.tif">
   <SceneNode Position="414.093 125 334.465" Scale="271.813 250 15" Orientation="1 0 0 0"/>
  </Wall>
  <Wall Mesh="UnitCubeMesh.mesh" Texture1="arroway.de_boards+02_b030.tif" Texture2="arroway.de_boards+02_b030.tif" Texture3="arroway.de_boards+02_b030.tif" Texture4="arroway.de_boards+02_b030.tif">
   <SceneNode Position="-162.301 125 467.26" Scale="259.128 250 15" Orientation="0.248301 0 0.968683 0"/>
  </Wall>
 </Wall>
</RealToysMap>
