<?xml version="1.0" encoding="ISO-8859-1"?>
<RealToysMap SceneSize="11 15" FloorTexture="zebrafloor.jpg" CeilingTexture="ceiling.bmp" MainWall1Texture="Wall_prettywall.bmp" MainWall2Texture="arroway.de_bricks+06_d100.jpg" MainWall3Texture="Wall_imgEE.jpg" MainWall4Texture="arroway.de_bricks+17_b015.jpg">
 <AirpMarker>
  <AirpMarker Position="381.537 52.3222 -655.702" Scale="1 1 1" Orientation="1 0 0 0"/>
  <AirpMarker Position="486.228 3.43345 -245.471" Scale="1 1 1" Orientation="-0.704416 0 0.709787 0"/>
  <AirpMarker Position="478.496 148.284 569.072" Scale="1 1 1" Orientation="-0.701432 0 0.712737 0"/>
  <AirpMarker Position="-468.113 47.7705 451.501" Scale="1 1 1" Orientation="0.775616 0 0.631205 0"/>
  <AirpMarker Position="-161.688 97.4318 27.9744" Scale="1 1 1" Orientation="-0.240585 0 0.970628 0"/>
 </AirpMarker>
 <DecoModel>
  <DecoModel Mesh="bath2.3DS.mesh">
   <SceneNode Position="47.2996 -64.1107 -39.0009" Scale="10 10 10" Orientation="1 0 0 0">
    <SceneNode Position="200.354 111.726 -358.293" Scale="1 1 1" Orientation="-0.707212 0 0.707001 0"/>
   </SceneNode>
  </DecoModel>
  <DecoModel Mesh="13barbecue.3DS.mesh">
   <SceneNode Position="0 -48.0203 -0.374411" Scale="0.1 0.1 0.1" Orientation="1 0 0 0">
    <SceneNode Position="-152.163 53.0179 -644.467" Scale="1 1 1" Orientation="-0.707212 0 0.707001 0"/>
   </SceneNode>
  </DecoModel>
  <DecoModel Mesh="15home-cinema.3DS.mesh">
   <SceneNode Position="-34.5087 -31.8122 -16.9045" Scale="1.5 1.5 1.5" Orientation="1 0 0 0">
    <SceneNode Position="182.995 119.662 494.818" Scale="1 1 1" Orientation="0.70679 0 -0.707423 0"/>
   </SceneNode>
  </DecoModel>
  <DecoModel Mesh="41shower-bath.3DS.mesh">
   <SceneNode Position="-132.101 -112.452 -94.7904" Scale="2.5 2.5 2.5" Orientation="1 0 0 0">
    <SceneNode Position="-14.6595 114.701 -676.652" Scale="1 1 1" Orientation="0.707212 0 0.707001 0"/>
   </SceneNode>
  </DecoModel>
  <DecoModel Mesh="clock-old-classic.3DS.mesh">
   <SceneNode Position="0 -0.204139 1.43051e-006" Scale="1 1 1" Orientation="1 0 0 0">
    <SceneNode Position="111.638 125.179 710.096" Scale="1 1 1" Orientation="-0.00902505 0 0.999959 0"/>
   </SceneNode>
  </DecoModel>
  <DecoModel Mesh="850200.3ds.mesh">
   <SceneNode Position="-24.3492 -27.8502 -20.9359" Scale="0.1 0.1 0.1" Orientation="1 0 0 0">
    <SceneNode Position="270.557 27.6217 -717.847" Scale="1 1 1" Orientation="1 0 0 0"/>
   </SceneNode>
  </DecoModel>
  <DecoModel Mesh="furniture-set.3DS.mesh">
   <SceneNode Position="20.6023 -108.676 -23.5963" Scale="0.1 0.1 0.1" Orientation="1 0 0 0">
    <SceneNode Position="7.49396 110.849 711.995" Scale="1 1 1" Orientation="-0.000298792 0 1 0"/>
   </SceneNode>
  </DecoModel>
  <DecoModel Mesh="14-Showel_3dmodel.3DS.mesh">
   <SceneNode Position="12.0012 -45.4279 -0.583859" Scale="0.3 0.3 0.3" Orientation="1 0 0 0">
    <SceneNode Position="-239.068 44.335 -726.543" Scale="1 1 1" Orientation="-0.00892 -0.0153466 0.168845 0.985483"/>
   </SceneNode>
  </DecoModel>
  <DecoModel Mesh="850572.3ds.mesh">
   <SceneNode Position="-47.144 -37.8028 -19.237" Scale="0.1 0.1 0.1" Orientation="1 0 0 0">
    <SceneNode Position="186.272 38.5589 492.585" Scale="1.3 1.3 1.3" Orientation="0.707212 0 0.707001 0"/>
   </SceneNode>
  </DecoModel>
  <DecoModel Mesh="fridge.3DS.mesh">
   <SceneNode Position="-0.567362 -66.5242 30.0032" Scale="0.08 0.08 0.08" Orientation="1 0 0 0">
    <SceneNode Position="-174.377 100.079 -496.576" Scale="1 1 1" Orientation="1 0 0 0"/>
   </SceneNode>
  </DecoModel>
  <DecoModel Mesh="22-coffeemaker_3dmodel.3DS.mesh">
   <SceneNode Position="20.1119 0 -32.428" Scale="0.1 0.1 0.1" Orientation="1 0 0 0">
    <SceneNode Position="-150.446 104.964 -37.9921" Scale="1 1 1" Orientation="1 0 0 0"/>
   </SceneNode>
  </DecoModel>
  <DecoModel Mesh="05-fax machine 3D model.3DS.mesh">
   <SceneNode Position="0 -8.92576 0" Scale="3.1 3.1 3.1" Orientation="1 0 0 0">
    <SceneNode Position="503.385 90.5776 271.64" Scale="1 1 1" Orientation="-0.707213 0 0.707001 0"/>
   </SceneNode>
  </DecoModel>
  <DecoModel Mesh="22Carpet-model.3DS.mesh">
   <SceneNode Position="5.61543 -75.8298 112.571" Scale="1 1 1" Orientation="1 0 0 0">
    <SceneNode Position="-278.398 6.67889 -568.161" Scale="1 1 1" Orientation="1 0 0 0"/>
   </SceneNode>
  </DecoModel>
  <DecoModel Mesh="Saucepan L.3DS.mesh">
   <SceneNode Position="-1.0246 0.0536526 -7.52858" Scale="0.06 0.06 0.06" Orientation="1 0 0 0">
    <SceneNode Position="-161.576 108.554 165.683" Scale="0.7 0.7 0.7" Orientation="0.816276 0 0.577663 0"/>
   </SceneNode>
  </DecoModel>
  <DecoModel Mesh="stoolchair.3DS.mesh">
   <SceneNode Position="0 -49.25 3.67644" Scale="100 100 100" Orientation="1 0 0 0">
    <SceneNode Position="-421.297 49.1038 -21.0047" Scale="1 1 1" Orientation="-0.855511 0 0.517784 0"/>
   </SceneNode>
  </DecoModel>
  <DecoModel Mesh="stoolchair.3DS.mesh">
   <SceneNode Position="0 -49.25 3.67644" Scale="100 100 100" Orientation="1 0 0 0">
    <SceneNode Position="-439.498 48.8181 87.5275" Scale="1 1 1" Orientation="-0.707212 0 0.707001 0"/>
   </SceneNode>
  </DecoModel>
  <DecoModel Mesh="19volleyball-model.3DS.mesh">
   <SceneNode Position="-40.2723 -166.079 459.692" Scale="4 4 4" Orientation="1 0 0 0">
    <SceneNode Position="261.039 13.1947 -105.963" Scale="1 1 1" Orientation="1 0 0 0"/>
   </SceneNode>
   <PhysicsInfo Type="CONVEX" Mass="2.0" Gravity="-6.0"/>
  </DecoModel>
  <DecoModel Mesh="wc28sink_max.3DS.mesh">
   <SceneNode Position="0 11.719 13.8621" Scale="0.4 0.4 0.4" Orientation="1 0 0 0">
    <SceneNode Position="187.232 103.684 -460.181" Scale="1 1 1" Orientation="-0.707212 0 0.707001 0"/>
   </SceneNode>
  </DecoModel>
  <DecoModel Mesh="850231.3ds.mesh">
   <SceneNode Position="-47.0746 -38.1524 -24.9554" Scale="0.1 0.1 0.1" Orientation="1 0 0 0">
    <SceneNode Position="266.012 38.9154 -359.685" Scale="1 1 1" Orientation="0.707212 0 0.707001 0"/>
   </SceneNode>
  </DecoModel>
  <DecoModel Mesh="30electric-guitar.3DS.mesh">
   <SceneNode Position="-27.1177 0.279135 34.8433" Scale="0.2 0.2 0.2" Orientation="1 0 0 0">
    <SceneNode Position="480.365 78.4739 -321.315" Scale="1 1 1" Orientation="-0.0819227 0.702239 0.703814 0.0692549"/>
   </SceneNode>
  </DecoModel>
  <DecoModel Mesh="05tin-can-model3d.3DS.mesh">
   <SceneNode Position="-21.8078 -9.71704 -0.000288391" Scale="0.0035 0.0035 0.0035" Orientation="1 0 0 0">
    <SceneNode Position="-498.203 112.198 -119.78" Scale="1 1 1" Orientation="1 0 0 0"/>
   </SceneNode>
   <PhysicsInfo Type="CONVEX" Mass="0.5" Gravity="-9.8"/>
  </DecoModel>
  <DecoModel Mesh="19volleyball-model.3DS.mesh">
   <SceneNode Position="-40.2723 -166.079 459.692" Scale="4 4 4" Orientation="1 0 0 0">
    <SceneNode Position="-176.058 13.1947 -565.296" Scale="1 1 1" Orientation="1 0 0 0"/>
   </SceneNode>
   <PhysicsInfo Type="CONVEX" Mass="2.0" Gravity="-6.0"/>
  </DecoModel>
  <DecoModel Mesh="20ladder-model.3DS.mesh">
   <SceneNode Position="275.416 -122.242 294.147" Scale="3 3 3" Orientation="1 0 0 0">
    <SceneNode Position="-330.455 119.865 -732.332" Scale="1 1 1" Orientation="-0.999391 0.0348991 0 0"/>
   </SceneNode>
  </DecoModel>
  <DecoModel Mesh="13sony-hi-fi.3ds.mesh">
   <SceneNode Position="13.4489 -16.3674 6.86856" Scale="10 10 10" Orientation="1 0 0 0">
    <SceneNode Position="-252.139 16.7349 321.257" Scale="1 1 1" Orientation="-0.706368 0 0.707844 0"/>
   </SceneNode>
  </DecoModel>
  <DecoModel Mesh="850200.3ds.mesh">
   <SceneNode Position="-24.3492 -27.8502 -20.9359" Scale="0.1 0.1 0.1" Orientation="1 0 0 0">
    <SceneNode Position="516.927 27.68 -717.52" Scale="1 1 1" Orientation="1 0 0 0"/>
   </SceneNode>
  </DecoModel>
  <DecoModel Mesh="Board_knife.3DS.mesh">
   <SceneNode Position="5.66965 1.4985 -26.8475" Scale="0.01 0.01 0.01" Orientation="1 0 0 0">
    <SceneNode Position="-157.12 96.832 63.6212" Scale="0.6 0.6 0.6" Orientation="1 0 0 0"/>
   </SceneNode>
  </DecoModel>
  <DecoModel Mesh="18piano-model3d.3DS.mesh">
   <SceneNode Position="-24.9129 -81.7089 -7.27894" Scale="0.8 0.8 0.8" Orientation="1 0 0 0">
    <SceneNode Position="423.032 73.7155 18.43" Scale="0.9 0.9 0.9" Orientation="-0.702716 0 0.71147 0"/>
   </SceneNode>
  </DecoModel>
  <DecoModel Mesh="fence.3DS.mesh">
   <SceneNode Position="-0.00139389 -0.0014019 0.0013999" Scale="1.4 1.4 1.4" Orientation="1 0 0 0">
    <SceneNode Position="443.691 41.227 -189.839" Scale="1 1 1" Orientation="1 0 0 0"/>
   </SceneNode>
  </DecoModel>
  <DecoModel Mesh="Closet.3DS.mesh">
   <SceneNode Position="64.6001 -39.5999 -119.44" Scale="0.7 0.7 0.7" Orientation="1 0 0 0">
    <SceneNode Position="255.711 95.6828 279.784" Scale="1 1 1" Orientation="1 0 0 0"/>
   </SceneNode>
  </DecoModel>
  <DecoModel Mesh="fireplace2.3DS.mesh">
   <SceneNode Position="0.379617 2.34134 -0.819043" Scale="0.15 0.15 0.15" Orientation="1 0 0 0">
    <SceneNode Position="-52.0666 42.993 199.681" Scale="1 1 1" Orientation="1 0 0 0"/>
   </SceneNode>
  </DecoModel>
  <DecoModel Mesh="fence.3DS.mesh">
   <SceneNode Position="-0.00139389 -0.0014019 0.0013999" Scale="1.4 1.4 1.4" Orientation="1 0 0 0">
    <SceneNode Position="507.7 41.227 -189.839" Scale="1 1 1" Orientation="1 0 0 0"/>
   </SceneNode>
  </DecoModel>
  <DecoModel Mesh="bath1.3DS.mesh">
   <SceneNode Position="145.934 -43.0955 -20.743" Scale="6 6 6" Orientation="1 0 0 0">
    <SceneNode Position="219.351 119.78 -528.964" Scale="1 1 1" Orientation="0.694336 0 -0.719651 0"/>
   </SceneNode>
  </DecoModel>
  <DecoModel Mesh="24love-seat.3DS.mesh">
   <SceneNode Position="57.4827 -52.7712 -51.8155" Scale="3.1 3.1 3.1" Orientation="1 0 0 0">
    <SceneNode Position="-389.573 47.1743 569.366" Scale="0.9 0.9 0.9" Orientation="-0.713355 0 -0.700803 0"/>
   </SceneNode>
  </DecoModel>
  <DecoModel Mesh="02notebook-model3d.3DS.mesh">
   <SceneNode Position="-5.40794 -14.4758 8.73606" Scale="2.5 2.5 2.5" Orientation="1 0 0 0">
    <SceneNode Position="504.66 96.2387 326.732" Scale="1 1 1" Orientation="-0.707212 0 0.707001 0"/>
   </SceneNode>
  </DecoModel>
  <DecoModel Mesh="850108.3ds.mesh">
   <SceneNode Position="-100.054 -56.8723 -109.627" Scale="0.1 0.1 0.1" Orientation="1 0 0 0">
    <SceneNode Position="393.468 55.271 -629.863" Scale="1 1 1" Orientation="1 0 0 0"/>
   </SceneNode>
  </DecoModel>
  <DecoModel Mesh="double-bed-set.3DS.mesh">
   <SceneNode Position="-95.8613 -92.1453 1278.93" Scale="1 1 1" Orientation="1 0 0 0">
    <SceneNode Position="443.735 93.9882 623.917" Scale="1 1 1" Orientation="0.00029835 0 1 0"/>
   </SceneNode>
  </DecoModel>
  <DecoModel Mesh="telFORMAPH_.3DS.mesh">
   <SceneNode Position="-3.5593 -0.934978 -1.82799" Scale="0.003 0.003 0.003" Orientation="1 0 0 0">
    <SceneNode Position="166.105 108.944 708.639" Scale="1.3 1.3 1.3" Orientation="0.784185 0 0.620528 0"/>
   </SceneNode>
  </DecoModel>
  <DecoModel Mesh="29computer-desk3d.3DS.mesh">
   <SceneNode Position="-13.7757 -30.8631 -76.7912" Scale="2.8 2.8 2.8" Orientation="1 0 0 0">
    <SceneNode Position="460.188 81.4702 334.255" Scale="1 1 1" Orientation="-0.706368 0 0.707845 0"/>
   </SceneNode>
  </DecoModel>
  <DecoModel Mesh="850656.3ds.mesh">
   <SceneNode Position="-72.6585 -22.6 -19.9494" Scale="0.1 0.1 0.1" Orientation="1 0 0 0">
    <SceneNode Position="-493.233 52.5833 -22.0653" Scale="2.3 2.3 2.3" Orientation="0.706368 0 0.707845 0"/>
   </SceneNode>
  </DecoModel>
  <DecoModel Mesh="05tin-can-model3d.3DS.mesh">
   <SceneNode Position="-21.8078 -9.71704 -0.000288391" Scale="0.0035 0.0035 0.0035" Orientation="1 0 0 0">
    <SceneNode Position="-489.979 112.198 38.8608" Scale="1 1 1" Orientation="0.703826 0 0.710373 0"/>
   </SceneNode>
   <PhysicsInfo Type="CONVEX" Mass="0.5" Gravity="-9.8"/>
  </DecoModel>
  <DecoModel Mesh="Kitchen.3DS.mesh">
   <SceneNode Position="111.766 41.005 3.03165" Scale="0.044 0.044 0.044" Orientation="1 0 0 0">
    <SceneNode Position="-154.073 121.603 109.76" Scale="1 1 1" Orientation="-0.708056 0 0.706156 0"/>
   </SceneNode>
  </DecoModel>
  <DecoModel Mesh="16lamp-model3d.3DS.mesh">
   <SceneNode Position="223.98 14.6119 9.31281" Scale="0.5 0.5 0.5" Orientation="1 0 0 0">
    <SceneNode Position="517.657 76.1257 -713.374" Scale="1 1 1" Orientation="-0.968983 0 0.247129 0"/>
   </SceneNode>
  </DecoModel>
  <DecoModel Mesh="stoolchair.3DS.mesh">
   <SceneNode Position="0 -49.25 3.67644" Scale="100 100 100" Orientation="1 0 0 0">
    <SceneNode Position="-438.437 49.7874 -118.554" Scale="1 1 1" Orientation="-0.707212 0 0.707001 0"/>
   </SceneNode>
  </DecoModel>
  <DecoModel Mesh="bench.3DS.mesh">
   <SceneNode Position="353.544 -161.963 464.008" Scale="2.7 2.7 2.7" Orientation="1 0 0 0">
    <SceneNode Position="-70.9122 44.6378 65.7167" Scale="1 1 1" Orientation="0.706368 0 0.707845 0"/>
   </SceneNode>
  </DecoModel>
 </DecoModel>
 <Wall>
  <Wall Mesh="UnitCubeMesh.mesh" Texture1="Wall_imgD9.jpg" Texture2="Wall_Bathroom blissbrown.bmp" Texture3="holzv2_11.jpg" Texture4="Wall_imgD9.jpg">
   <SceneNode Position="-110.634 125 132.915" Scale="99.922 250 15" Orientation="0.707107 0 0.707107 0"/>
  </Wall>
  <Wall Mesh="UnitCubeMesh.mesh" Texture1="Wall_imgD9.jpg" Texture2="holzv2_11.jpg" Texture3="Wall_imgD9.jpg" Texture4="holzv2_11.jpg">
   <SceneNode Position="-109.899 125 24.5339" Scale="232.517 250 15" Orientation="0.707107 0 -0.707107 0"/>
  </Wall>
  <Wall Mesh="UnitCubeMesh.mesh" Texture1="holzv2_11.jpg" Texture2="Wall_Bathroom blissbrown.bmp" Texture3="holzv2_04.jpg" Texture4="holzv2_11.jpg">
   <SceneNode Position="-45.5184 125 148.899" Scale="143.734 250 15" Orientation="1 0 0 0"/>
  </Wall>
  <Wall Mesh="UnitCubeMesh.mesh" Texture1="holzv2_11.jpg" Texture2="holzv2_11.jpg" Texture3="holzv2_11.jpg" Texture4="holzv2_04.jpg">
   <SceneNode Position="227.182 125 149.066" Scale="150.656 250 15" Orientation="0 0 1 0"/>
  </Wall>
  <Wall Mesh="UnitCubeMesh.mesh" Texture1="holzv2_11.jpg" Texture2="holzv2_11.jpg" Texture3="holzv2_11.jpg" Texture4="holzv2_11.jpg">
   <SceneNode Position="292.487 125 -60.8443" Scale="501.464 250 15" Orientation="1 0 0 0"/>
  </Wall>
  <Wall Mesh="UnitCubeMesh.mesh" Texture1="Wall_imgD9.jpg" Texture2="arroway.de_bricks+06_d100.jpg" Texture3="arroway.de_bricks+17_d100.jpg" Texture4="holzv2_04.jpg">
   <SceneNode Position="220.953 125 453.283" Scale="593.434 250 15" Orientation="0.707107 0 0.707107 0"/>
  </Wall>
  <Wall Mesh="UnitCubeMesh.mesh" Texture1="holzv2_04.jpg" Texture2="Wall_imgD9.jpg" Texture3="holzv2_04.jpg" Texture4="Wall_imgD9.jpg">
   <SceneNode Position="-251.189 125 296.133" Scale="295.91 250 15" Orientation="1 0 0 0"/>
  </Wall>
  <Wall Mesh="UnitCubeMesh.mesh" Texture1="holzv2_11.jpg" Texture2="Wall_Moroccan.jpg" Texture3="holzv2_11.jpg" Texture4="arroway.de_bricks+17_d100.jpg">
   <SceneNode Position="469.313 125 151.747" Scale="157.911 250 15" Orientation="0 0 1 0"/>
  </Wall>
  <Wall Mesh="UnitCubeMesh.mesh" Texture1="holzv2_11.jpg" Texture2="Wall_imgD9.jpg" Texture3="holzv2_11.jpg" Texture4="Wall_imgCD.jpg">
   <SceneNode Position="-35.2993 125 -305.264" Scale="176.853 250 15" Orientation="1 0 0 0"/>
  </Wall>
  <Wall Mesh="UnitCubeMesh.mesh" Texture1="holzv2_11.jpg" Texture2="holzv2_11.jpg" Texture3="arroway.de_boards+02_d100.jpg" Texture4="holzv2_11.jpg">
   <SceneNode Position="228.121 125 -305.166" Scale="153.894 250 15" Orientation="0 0 1 0"/>
  </Wall>
  <Wall Mesh="UnitCubeMesh.mesh" Texture1="Wall_imgCD.jpg" Texture2="Wall_Bathroom blissbrown.bmp" Texture3="arroway.de_bricks+17_b015.jpg" Texture4="Wall_imgCD.jpg">
   <SceneNode Position="-115.424 125 -641.407" Scale="217.186 250 15" Orientation="0.707107 0 -0.707107 0"/>
  </Wall>
  <Wall Mesh="UnitCubeMesh.mesh" Texture1="Wall_imgD9.jpg" Texture2="Wall_imgD9.jpg" Texture3="Wall_imgCD.jpg" Texture4="arroway.de_boards+02_d100.jpg">
   <SceneNode Position="234.004 125 -531.333" Scale="437.334 250 15" Orientation="0.707107 0 -0.707107 0"/>
  </Wall>
  <Wall Mesh="UnitCubeMesh.mesh" Texture1="Wall_imgD9.jpg" Texture2="Wall_imgD9.jpg" Texture3="Wall_imgD9.jpg" Texture4="arroway.de_bricks+17_b015.jpg">
   <SceneNode Position="-277.756 125 -539.968" Scale="332.981 250 15" Orientation="1 0 0 0"/>
  </Wall>
  <Wall Mesh="UnitCubeMesh.mesh" Texture1="holzv2_11.jpg" Texture2="Wall_Moroccan.jpg" Texture3="arroway.de_boards+02_d100.jpg" Texture4="holzv2_11.jpg">
   <SceneNode Position="473.606 125 -295.968" Scale="149.969 250 15" Orientation="0 0 1 0"/>
  </Wall>
  <Wall Mesh="UnitCubeMesh.mesh" Texture1="arroway.de_bricks+06_d100.jpg" Texture2="arroway.de_bricks+06_d100.jpg" Texture3="holzv2_04.jpg" Texture4="arroway.de_bricks+06_d100.jpg">
   <SceneNode Position="-166.852 125 750" Scale="764.199 250 15" Orientation="0 0 1 0"/>
  </Wall>
  <Wall Mesh="UnitCubeMesh.mesh" Texture1="arroway.de_bricks+06_d100.jpg" Texture2="arroway.de_bricks+06_d100.jpg" Texture3="arroway.de_bricks+06_d100.jpg" Texture4="arroway.de_bricks+17_d100.jpg">
   <SceneNode Position="386.141 125 750" Scale="325.692 250 15" Orientation="1 0 0 0"/>
  </Wall>
  <Wall Mesh="UnitCubeMesh.mesh" Texture1="Wall_Bathroom blissbrown.bmp" Texture2="holzv2_04.jpg" Texture3="holzv2_04.jpg" Texture4="Wall_imgD9.jpg">
   <SceneNode Position="-110.212 125 226.119" Scale="152.37 250 15" Orientation="0.706012 0 0.7082 0"/>
  </Wall>
  <Wall Mesh="UnitCubeMesh.mesh" Texture1="Wall_imgD9.jpg" Texture2="Wall_imgD9.jpg" Texture3="Wall_imgCD.jpg" Texture4="Wall_imgD9.jpg">
   <SceneNode Position="-115.978 125 -421.249" Scale="237.159 250 15" Orientation="0.707107 0 0.707107 0"/>
  </Wall>
  <Wall Mesh="UnitCubeMesh.mesh" Texture1="Wall_prettywall.bmp" Texture2="Wall_Moroccan.jpg" Texture3="holzv2_11.jpg" Texture4="arroway.de_bricks+06_d100.jpg">
   <SceneNode Position="550.683 125 -72.7762" Scale="451.409 250 15" Orientation="0.708175 0 -0.706037 0"/>
  </Wall>
  <Wall Mesh="UnitCubeMesh.mesh" Texture1="Wall_img2B.jpg" Texture2="holzv2_11.jpg" Texture3="holzv2_11.jpg" Texture4="Wall_imgCD.jpg">
   <SceneNode Position="190.556 125 -306.299" Scale="79.41 250 15" Orientation="1 0 0 0"/>
  </Wall>
  <Wall Mesh="UnitCubeMesh.mesh" Texture1="Wall_prettywall.bmp" Texture2="arroway.de_bricks+06_d100.jpg" Texture3="arroway.de_boards+02_d100.jpg" Texture4="arroway.de_bricks+06_d100.jpg">
   <SceneNode Position="550.489 125 -511.377" Scale="474.96 250 15" Orientation="0.707835 0 -0.706378 0"/>
  </Wall>
  <Wall Mesh="UnitCubeMesh.mesh" Texture1="arroway.de_bricks+06_d100.jpg" Texture2="Wall_imgE1.jpg" Texture3="arroway.de_boards+02_d100.jpg" Texture4="arroway.de_bricks+06_d100.jpg">
   <SceneNode Position="395.421 125 -748.334" Scale="318.352 250 15" Orientation="1 0 0 0"/>
  </Wall>
  <Wall Mesh="UnitCubeMesh.mesh" Texture1="Wall_prettywall.bmp" Texture2="Wall_img2B.jpg" Texture3="Wall_imgCD.jpg" Texture4="arroway.de_bricks+06_d100.jpg">
   <SceneNode Position="64.8699 125 -749.969" Scale="353.022 250 15" Orientation="1 0 0 0"/>
  </Wall>
  <Wall Mesh="UnitCubeMesh.mesh" Texture1="arroway.de_bricks+06_d100.jpg" Texture2="Wall_imgF1.jpg" Texture3="arroway.de_bricks+17_d100.jpg" Texture4="arroway.de_bricks+06_d100.jpg">
   <SceneNode Position="549.292 125 447.712" Scale="589.578 250 15" Orientation="0.706258 0 -0.707955 0"/>
  </Wall>
  <Wall Mesh="UnitCubeMesh.mesh" Texture1="Wall_prettywall.bmp" Texture2="arroway.de_bricks+06_d100.jpg" Texture3="arroway.de_bricks+17_b015.jpg" Texture4="arroway.de_bricks+06_d100.jpg">
   <SceneNode Position="-320.161 125 -750.405" Scale="442.405 250 15" Orientation="1 0 0.000914758 0"/>
  </Wall>
  <Wall Mesh="UnitCubeMesh.mesh" Texture1="Wall_imgF1.jpg" Texture2="Wall_imgF1.jpg" Texture3="Wall_imgF1.jpg" Texture4="arroway.de_bricks+17_d100.jpg">
   <SceneNode Position="261.977 125 149.483" Scale="79.498 250 15" Orientation="0 0 1 0"/>
  </Wall>
  <Wall Mesh="UnitCubeMesh.mesh" Texture1="arroway.de_bricks+06_d100.jpg" Texture2="Wall_imgF4.jpg" Texture3="arroway.de_bricks+06_d100.jpg" Texture4="holzv2_04.jpg">
   <SceneNode Position="-548.951 125 495.005" Scale="509.089 250 15" Orientation="0.707107 0 -0.707107 0"/>
  </Wall>
  <Wall Mesh="UnitCubeMesh.mesh" Texture1="arroway.de_bricks+06_d100.jpg" Texture2="Wall_imgD9.jpg" Texture3="arroway.de_bricks+06_d100.jpg" Texture4="Wall_imgD9.jpg">
   <SceneNode Position="-549.787 125 -152.677" Scale="795.728 250 15" Orientation="0.707107 0 -0.707107 0"/>
  </Wall>
  <Wall Mesh="UnitCubeMesh.mesh" Texture1="arroway.de_bricks+06_d100.jpg" Texture2="arroway.de_bricks+06_d100.jpg" Texture3="arroway.de_bricks+06_d100.jpg" Texture4="arroway.de_bricks+17_b015.jpg">
   <SceneNode Position="-550.114 125 -649.591" Scale="198.099 250 15" Orientation="0.707107 0 -0.707107 0"/>
  </Wall>
 </Wall>
</RealToysMap>
