<?xml version="1.0" encoding="ISO-8859-1"?>
<RealToysMap SceneSize="10 15" FloorTexture="zebrafloor.jpg" CeilingTexture="ceiling.bmp" MainWall1Texture="Wall_bluewall.bmp" MainWall2Texture="Wall_imgD0.jpg" MainWall3Texture="Wall_img2B.jpg" MainWall4Texture="Wall_Bathroom blissbrown.bmp">
 <AirpMarker>
  <AirpMarker Position="-63.4403 162.962 -737.215" Scale="1 1 1" Orientation="1 0 0 0"/>
  <AirpMarker Position="487.215 168.22 -16.9824" Scale="1 1 1" Orientation="-0.708989 0 0.70522 0"/>
  <AirpMarker Position="-13.5513 166.734 737.215" Scale="1 1 1" Orientation="0.00113244 0 0.999999 0"/>
  <AirpMarker Position="-487.215 156.366 -43.604" Scale="1 1 1" Orientation="0.708989 0 0.70522 0"/>
  <AirpMarker Position="-488.16 97.2627 -738.158" Scale="1 1 1" Orientation="0.918488 0 0.395448 0"/>
  <AirpMarker Position="488.151 96.5799 -738.023" Scale="1 1 1" Orientation="-0.933246 0 0.359239 0"/>
  <AirpMarker Position="488.066 97.5894 737.93" Scale="1 1 1" Orientation="-0.402412 0 0.915459 0"/>
  <AirpMarker Position="-488.007 96.2658 737.938" Scale="1 1 1" Orientation="0.366315 0 0.930491 0"/>
 </AirpMarker>
 <DecoModel/>
 <Wall/>
</RealToysMap>
